Keyword,Title,Link
Anxious,This could be why you're depressed or anxious | Johann Hari | TED,https://www.youtube.com/watch?v=MB5IX-np5fE
Anxious,How to stop feeling anxious about anxiety | Tim Box | TEDxFolkestone,https://www.youtube.com/watch?v=ZidGozDhOjg
Anxious,Decrease your anxiety by 20% with EFT Tapping aka the emotional freedom technique #shorts #anxious,https://www.youtube.com/watch?v=mjDq53bzhHo
Anxious,Dr. Gabor Mat√© on how chronic anxiety begins. #gabormate #anxiety #therapy,https://www.youtube.com/watch?v=7DYIyJPNKoY
Anxious,What's normal anxiety -- and what's an anxiety disorder? | Body Stuff with Dr. Jen Gunter | TED,https://www.youtube.com/watch?v=xsEJ6GeAGb0
Anxious,What is Anxiety?,https://www.youtube.com/watch?v=BVJkf8IuRjE
Anxious,&quot;Dealing with anxiety can be as simple as...&quot;,https://www.youtube.com/watch?v=1FL3afr0dO4
Anxious,How to cope with anxiety | Olivia Remes | TEDxUHasselt,https://www.youtube.com/watch?v=WWloIAQpMcQ
Anxious,Catastrophizing: How to Stop Making Yourself Depressed and Anxious: Cognitive Distortion Skill #6,https://www.youtube.com/watch?v=b4pP6HyXRMI
Anxious,Why Are You Anxious?,https://www.youtube.com/watch?v=iALfvFpcItE
Anxious,How anxiety actually looks,https://www.youtube.com/watch?v=ibdrvXVwdN8
Anxious,Why do people get so anxious about math? - Orly Rubinsten,https://www.youtube.com/watch?v=7snnRaC4t5c
Anxious,How to Deal With Anxiety - The Step-by-Step Guide,https://www.youtube.com/watch?v=PxjxY9VilCs
Anxious,Yoga for Anxiety - 20 Minute Practice - Yoga With Adriene,https://www.youtube.com/watch?v=bJJWArRfKa0
Anxious,OCD and Anxiety Disorders: Crash Course Psychology #29,https://www.youtube.com/watch?v=aX7jnVXXG5o
Anxious,10 Tips for Parenting Anxious Kids | Child Mind Institute,https://www.youtube.com/watch?v=c5ASysmOH_I
Anxious,The One Question We Need to Ask Ourselves When We Feel Anxious,https://www.youtube.com/watch?v=D8Gc6_S6i0k
Anxious,Rewiring the Anxious Brain Part 2: 10 Skills to Beat Anxiety: Anxiety Skills #22,https://www.youtube.com/watch?v=Fb-clvcX7fI
Anxious,Heal My Anxious Mind,https://www.youtube.com/watch?v=qRuEpdRnczI
Anxious,4 Signs of Generalized Anxiety Disorder,https://www.youtube.com/watch?v=-Z8cRfb_DPY
Anxious,Yoga For Anxiety and Stress,https://www.youtube.com/watch?v=hJbRpHZr_d0
Anxious,What is Anxious Depression?,https://www.youtube.com/watch?v=oWJuIkzjbPc
Anxious,Overcoming Social Anxiety | Marielle Cornes | TEDxYouth@MBJH,https://www.youtube.com/watch?v=YqM-17Iw_2k
Anxious,The Different Levels of Anxiety,https://www.youtube.com/watch?v=ZtBlAXo8LsY
Anxious,ADHD or Anxiety?,https://www.youtube.com/watch?v=yJM_GeKdZ6c
Anxious,The 5 signs of social anxiety #socialanxiety #anxiety #mentalhealth,https://www.youtube.com/watch?v=zJ6yegVE7WM
Anxious,7 Signs Of Anxiety,https://www.youtube.com/watch?v=dM--lHKJeA4
Anxious,Anxious? How to fall asleep at night! #shorts,https://www.youtube.com/watch?v=CwGOuac1KqA
Anxious,How to Heal Anxious Attachment - Fast!,https://www.youtube.com/watch?v=R3z80M4pulA
Anxious,Super Fast Anti-Anxiety Relief Point!  Dr. Mandell,https://www.youtube.com/watch?v=nZP088xSDeQ
Anxious,this is what anxiety feels like #shorts #adhd #anxiety,https://www.youtube.com/watch?v=tnFPhNNo4Fw
Anxious,Relieve Stress &amp; Anxiety with Simple Breathing Techniques,https://www.youtube.com/watch?v=odADwWzHR24
Anxious,Rewiring Anxiety- The role of the amygdala in learning to be anxious - The Anxiety Cycle 3/30,https://www.youtube.com/watch?v=lZeZQvyxyyU
Anxious,4 embarrassing anxiety symptoms #mentalhealth #anxiety #anxious,https://www.youtube.com/watch?v=orfJPm6WuRE
Anxious,How To STOP Anxiety | Mel Robbins ep. 630,https://www.youtube.com/watch?v=fgNetu6EiZw
Anxious,üëâPanic Attack vs Anxiety Attack ‚ù§Ô∏èÔ∏è| #shorts,https://www.youtube.com/watch?v=23ycQ-r1zCc
Anxious,8 Signs of an Anxious Attachment Style,https://www.youtube.com/watch?v=g-466psrXrA
Anxious,Anxious But You Don't Know Why? Rewiring the Anxious Brain Part 3,https://www.youtube.com/watch?v=FJ8W5IZ8j7Q
Anxious,üíû Top 5 Signs Of Anxious Attachment You Need To Know About,https://www.youtube.com/watch?v=JWIHqO08x_8
Anxious,Why Avoidant and Anxious Partners Find It Hard to Split Up,https://www.youtube.com/watch?v=e9EgUvfgojY
Anxious,The Scary Physical Symptoms Associated With Anxiety #shorts,https://www.youtube.com/watch?v=jJBVHaOH5pU
Anxious,Fight Flight Freeze ‚Äì A Guide to Anxiety for Kids,https://www.youtube.com/watch?v=FfSbWc3O_5M
Anxious,‚ù§Ô∏èÔ∏èIf You Get Anxious Around Other People... Social Anxiety | Dr. Julie üë©‚Äç‚öïÔ∏è -#shorts,https://www.youtube.com/watch?v=5ZXeAYsv8p4
Anxious,Why You Feel Anxious Socializing (and What to Do about It) | Fallon Goodman | TED,https://www.youtube.com/watch?v=RqAOrr_FPxo
Anxious,Sebelum dan Sesudah terkena Anxiety Disorder #anxiety #bicarakanid,https://www.youtube.com/watch?v=JanNgf1hKrk
Anxious,4 Physical Symptoms Caused by Your Anxiety #anxious #anxiety #mentalhealth #anxietyrelief,https://www.youtube.com/watch?v=CYh8Q5JTXo4
Anxious,Kendall Jenner Opens Up About Her Anxiety | Open Minded | Session 1 | Vogue,https://www.youtube.com/watch?v=Eupw-yTBkQI
Anxious,Self-Hatred &amp; Anxiety,https://www.youtube.com/watch?v=8_PQJNo2wME
Anxious,Revealing Signs of Insecure or Anxious Attachment: How CBT Can Help,https://www.youtube.com/watch?v=EEEMKbkuHfY
Anxious,How To Overcome SOCIAL ANXIETY! ‚ö†Ô∏è,https://www.youtube.com/watch?v=DENqz6FwtUU
Depressed,What is depression? - Helen M. Farrell,https://www.youtube.com/watch?v=z-IR48Mb3W0
Depressed,This could be why you're depressed or anxious | Johann Hari | TED,https://www.youtube.com/watch?v=MB5IX-np5fE
Depressed,What My Depression Feels Like,https://www.youtube.com/watch?v=8qKlG5N-20I
Depressed,Dealing with depression,https://www.youtube.com/watch?v=wZF2PLGsksI
Depressed,"I had a black dog, his name was depression",https://www.youtube.com/watch?v=XiCrniLQGYc
Depressed,"Depression, the secret we share | Andrew Solomon | TEDxMet",https://www.youtube.com/watch?v=dBYUn-FEscc
Depressed,Why Depressed People Are Very Logical,https://www.youtube.com/watch?v=0PqqnUB_9RE
Depressed,On Feeling Depressed,https://www.youtube.com/watch?v=UoLWYhwROBI
Depressed,How to do laundry when you're depressed | KC Davis | TEDxMileHigh,https://www.youtube.com/watch?v=M1O_MjMRkPg
Depressed,Jim Carrey on Depression: &quot;Your body needs deep rest.&quot;,https://www.youtube.com/watch?v=lMQJ2bHeP4c
Depressed,Why Depression Makes You Feel Hopeless,https://www.youtube.com/watch?v=2co-5eFSyj8
Depressed,Depressive and Bipolar Disorders: Crash Course Psychology #30,https://www.youtube.com/watch?v=ZwMlHkWKDwM
Depressed,Top 5 Signs Of High Functioning Depression,https://www.youtube.com/watch?v=LaVUX5bHz9Y
Depressed,"Understanding Depression: Symptoms, Causes and Treatments",https://www.youtube.com/watch?v=d7NPnvKFs2Y
Depressed,Depression Is Not Caused by a Chemical Imbalance,https://www.youtube.com/watch?v=QsZqbrFTUm0
Depressed,How to get stuff done when you are depressed | Jessica Gimeno | TEDxPilsenWomen,https://www.youtube.com/watch?v=njESlZa2b10
Depressed,How To Cope With Depression,https://www.youtube.com/watch?v=8Su5VtKeXU8
Depressed,The Definition of True Depression,https://www.youtube.com/watch?v=igjqioX62i8
Depressed,What depression is really like.,https://www.youtube.com/watch?v=vCHouBfauYI
Depressed,What Is Depression? | Depression Causes And Symptoms | The Dr Binocs Show | Peekaboo Kidz,https://www.youtube.com/watch?v=0hxFR6tezAc
Depressed,"5 Lies Depression Tells You - Depression Motivation, it gets better",https://www.youtube.com/watch?v=uq2C8us969M
Depressed,The link between ADHD and depression | Experts answer,https://www.youtube.com/watch?v=lDCjZwEF_Jg
Depressed,Living Through Depression: Julia's Story,https://www.youtube.com/watch?v=a1Y1ocyudjs
Depressed,What Helped Through Depression,https://www.youtube.com/watch?v=0Co-8ZcN7CY
Depressed,The Lies Depression Tells,https://www.youtube.com/watch?v=Qjhyrzbn6Rg
Depressed,Do You Have ADHD? or Depression? or Both? #shorts #adhd #depression #mentalhealth,https://www.youtube.com/watch?v=pY_4v_Mi8zc
Depressed,HOW to heal your depression symptoms‚Ä¶ #depression #depressed #depressionrelief,https://www.youtube.com/watch?v=etXYWPIyteo
Depressed,Tablets for depression - Do antidepressants help? | DW Documentary,https://www.youtube.com/watch?v=J66WzcITH9g
Depressed,What is Postpartum Depression? | Understanding Mental Health Conditions,https://www.youtube.com/watch?v=uSF7Qen7nZg
Depressed,&quot;I'm Fine&quot; - Learning To Live With Depression | Jake Tyler | TEDxBrighton,https://www.youtube.com/watch?v=IDPDEKtd2yM
Depressed,How To Identify if You're Depressed? | Dr. Samir #shorts,https://www.youtube.com/watch?v=oQm2sK2reng
Depressed,Relieve Depression With This Simple Step - CBT,https://www.youtube.com/watch?v=29DXrS0bBcU
Depressed,Am I Depressed?,https://www.youtube.com/watch?v=WDiLJJ753ww
Depressed,You Can Break The Cycle Of Depression,https://www.youtube.com/watch?v=dsjms8Nq7kE
Depressed,7 Things To Avoid When Depressed,https://www.youtube.com/watch?v=lHYo8YvhgkM
Depressed,"Bipolar disorder (depression &amp; mania) - causes, symptoms, treatment &amp; pathology",https://www.youtube.com/watch?v=KSvk8LLBo2g
Depressed,8 Types Of Depression You Should Know,https://www.youtube.com/watch?v=NDOeZD2F7jU
Depressed,Why Anxiety and Depression Are Connected: Avoidance and Willingness With Painful Emotions,https://www.youtube.com/watch?v=tqFBipaU620
Depressed,How ADHD &amp; Depression Alter Your Memory,https://www.youtube.com/watch?v=Csbr838X0ys
Depressed,Smart People Are More Likely to be Depressed,https://www.youtube.com/watch?v=G4iTjvQ9qDY
Depressed,How to support someone who is struggling with depression #depression #mentalhealth,https://www.youtube.com/watch?v=o-3Xctke6PQ
Depressed,"6 Signs You're Depressed, Not Lazy",https://www.youtube.com/watch?v=q8HRGiUeZwc
Depressed,Are you depressed or just sad? Here's how to tell,https://www.youtube.com/watch?v=LtKrmKlbcBs
Depressed,9 Symptoms of Depression #shorts,https://www.youtube.com/watch?v=rJb6_3B1aHE
Depressed,Fight Depression and Burnout in 2 Minutes a Day: 3 Good Things Activity,https://www.youtube.com/watch?v=sWfNosruPPw
Depressed,"7 Signs You‚Äôre Not Lazy, But Depressed",https://www.youtube.com/watch?v=WYF0v7itMl4
Overwhelmed,feeling overwhelmed this semester? watch this chill uni vlog,https://www.youtube.com/watch?v=iQl9CZ6Rc4U
Overwhelmed,learned what overwhelmed means,https://www.youtube.com/watch?v=rzWf_exJqH8
Overwhelmed,If You're Feeling Overwhelmed Watch This,https://www.youtube.com/watch?v=7VfSCQnGfk4
Overwhelmed,Feeling Overwhelmed?,https://www.youtube.com/watch?v=-1IaP_5mdU8
Overwhelmed,Feel Overwhelmed? Try This 30-Second Technique,https://www.youtube.com/watch?v=nX4dpGQ5wF4
Overwhelmed,This is How You Stop Feeling Overwhelmed,https://www.youtube.com/watch?v=DPrOQhf_q8s
Overwhelmed,Tips Biar Tetap Produktif Tanpa Merasa Stres (Mengatasi Emotional Overwhelmed),https://www.youtube.com/watch?v=3YNYMlT3kps
Overwhelmed,‚Äú i get overwhelmed ‚Äù || #theamazingdigitalcircus #digital circus #tads #pomni #edit #wenixen,https://www.youtube.com/watch?v=eBm70p29jhI
Overwhelmed,Feeling stressed and overwhelmed. This is what's helping me.,https://www.youtube.com/watch?v=MAEqhEmpkwE
Overwhelmed,How to stop being OVERWHELMED,https://www.youtube.com/watch?v=mj_1xkxG_T4
Overwhelmed,How to understand ADHD overwhelm üíö #adhd #adhdbrain #neurodivergent,https://www.youtube.com/watch?v=Hu_dj8ai0k0
Overwhelmed,If You're Tired of Feeling Overwhelmed,https://www.youtube.com/watch?v=I1RUy1jOx4U
Overwhelmed,How To Stop Being Overwhelmed,https://www.youtube.com/watch?v=CndfkGUWGwM
Overwhelmed,Overcoming Overwhelm | Luke Reinhart | TEDxNewAlbany,https://www.youtube.com/watch?v=b0EdU-mTkZA
Overwhelmed,Feeling Overwhelmed? Try This Grounding Technique,https://www.youtube.com/watch?v=qPELrUCgB8M
Overwhelmed,Overwhelmed? Do This! An Antidote to Feeling Overwhelmed,https://www.youtube.com/watch?v=fIVQb4fxgEw
Overwhelmed,What do you do when you feel overwhelmed?,https://www.youtube.com/watch?v=35k_Nd2h28U
Overwhelmed,Watch This If You Feel Overwhelmed,https://www.youtube.com/watch?v=1c_bZAMJEoo
Panicked,How to stop panic  Tapping for anxiety attacks and panic attacks #panic #panicattack #mentalhealth,https://www.youtube.com/watch?v=Yfw6Kqjwp-Q
Panicked,"What causes panic attacks, and how can you prevent them? - Cindy J. Aaronson",https://www.youtube.com/watch?v=IzFObkVRSV0
Panicked,What are Panic Attacks ‚Äì Why You Get them?,https://www.youtube.com/watch?v=_clCzEnTvAE
Panicked,How To Cope With Panic Attacks,https://www.youtube.com/watch?v=lbJv4AiDatg
Panicked,Having a Panic Attack? The Anti-Struggle Technique -A Guided Walkthrough to Stop a Panic Attack,https://www.youtube.com/watch?v=2CQpyA485wc
Panicked,üëâPanic Attack vs Anxiety Attack ‚ù§Ô∏èÔ∏è| #shorts,https://www.youtube.com/watch?v=23ycQ-r1zCc
Panicked,Panic attacks,https://www.youtube.com/watch?v=gfWGmgz8BiY
Loneliness,Being alone and being lonely are two different things #gabormate #loneliness #mentalhealth,https://www.youtube.com/watch?v=aT0efqZ8lws
Loneliness,The Psychology of Male Loneliness,https://www.youtube.com/watch?v=qdBavW0x62k
Loneliness,Loneliness,https://www.youtube.com/watch?v=n3Xv_g3g-mA
Loneliness,Being Alone is not the same as Being Lonely,https://www.youtube.com/watch?v=lxD9Y5fYdFw
Loneliness,Watch This Random Video If You're feeling LONELY,https://www.youtube.com/watch?v=yTNjKroXShg
Loneliness,Why we're lonely,https://www.youtube.com/watch?v=88KJwEu5TRs
Loneliness,How to get rid of loneliness and become happy | Olivia Remes | TEDxNewcastle,https://www.youtube.com/watch?v=vZT-bB66iIk
Loneliness,"Loneliness Is Awesome, Actually.",https://www.youtube.com/watch?v=W5SKxUwvJN0
Loneliness,The Rise Of Male Loneliness,https://www.youtube.com/watch?v=_SIj6fUnG2Y
Loneliness,Five Hiddenü§ê Signs of Lonelinessüòï #shorts,https://www.youtube.com/watch?v=_izQXLoyDyk
Loneliness,The dangers of loneliness| Richard Pile | TEDxSt Albans,https://www.youtube.com/watch?v=sPsvOd-kwVU
Loneliness,How to Deal With Loneliness,https://www.youtube.com/watch?v=LDMY7qtOPiI
Loneliness,How to Beat Loneliness and Social Isolation: Expert Insights,https://www.youtube.com/watch?v=sfA3TQXvN6E
Loneliness,Why Does Everyone Feel So Lonely? @TheDiaryOfACEO,https://www.youtube.com/watch?v=v--K1gevJPM
Loneliness,Overcoming Loneliness ‚Äì Dr. Charles Stanley,https://www.youtube.com/watch?v=RhKBi52H0j8
Loneliness,Can Loneliness Kill You?,https://www.youtube.com/watch?v=QuWsHyuLD_E
Loneliness,Feeling Lonely? Watch This | Buddhism In English,https://www.youtube.com/watch?v=1oanOmN83fw
Loneliness,5 Signs You're Experiencing Deep Loneliness,https://www.youtube.com/watch?v=e17_oC0tnNQ
Loneliness,a prayer for anyone feeling lonely...#shorts,https://www.youtube.com/watch?v=43mmu41lrJU
Loneliness,5 Ways to Beat Loneliness,https://www.youtube.com/watch?v=sxt3ypRp3WM
Loneliness,A simple cure for loneliness #shorts #tedx,https://www.youtube.com/watch?v=pOeIPrKcys0
Loneliness,7 Signs You Feel Deep Loneliness,https://www.youtube.com/watch?v=nSVR5AoWUcU
Loneliness,How To Stop Feeling Lonely! ‚ö†Ô∏è,https://www.youtube.com/watch?v=_ms_KRKFLA8
Loneliness,ü§ê Hidden Signs Of Loneliness - Dr Julie #shorts,https://www.youtube.com/watch?v=k_78VfGWSyQ
Loneliness,How to cope with loneliness #shorts #tedx,https://www.youtube.com/watch?v=8L-GrDV0Gqw
Loneliness,6 Things You Didn‚Äôt Know Were Loneliness,https://www.youtube.com/watch?v=xC__WfUs1iU
Loneliness,How To Overcome Loneliness? | Sadhguru,https://www.youtube.com/watch?v=vtg9q00AZOc
Loneliness,"How loneliness is killing us, according to a Harvard professor | Robert Waldinger",https://www.youtube.com/watch?v=JxbYPk1MIyw
Loneliness,The Cure for Loneliness,https://www.youtube.com/watch?v=kWcQyEHRudE
Loneliness,Loneliness vs being alone üôè #shorts,https://www.youtube.com/watch?v=c1QMe7JD9zo
Loneliness,How to Stop Feeling Lonely,https://www.youtube.com/watch?v=TUNuYhkALEY
Loneliness,4 Hidden Signs Of Loneliness,https://www.youtube.com/watch?v=jF_4YwpgqM4
Loneliness,How to stop feeling lonely (forever),https://www.youtube.com/watch?v=U5kU-w9ii0Y
